{"cameraMode":{"drawMode":0,"name":"Shaded","section":"Shading Mode"},"sceneLighting":true,"audioPlay":false,"sceneViewState":{"m_AlwaysRefresh":false,"showFog":true,"showSkybox":true,"showFlares":true,"showImageEffects":true,"showParticleSystems":true,"showVisualEffectGraphs":true,"m_FxEnabled":true},"in2DMode":false,"pivot":{"x":0.9332265853881836,"y":6.172937393188477,"z":-0.033878400921821597},"rotation":{"x":-0.5029704570770264,"y":-0.2709129750728607,"z":0.16253584623336793,"w":-0.8056705594062805},"size":0.8660253882408142,"orthographic":false}