{"cameraMode":{"drawMode":0,"name":"Shaded","section":"Shading Mode"},"sceneLighting":true,"audioPlay":false,"sceneViewState":{"m_AlwaysRefresh":false,"showFog":true,"showSkybox":true,"showFlares":true,"showImageEffects":true,"showParticleSystems":true,"showVisualEffectGraphs":true,"m_FxEnabled":true},"in2DMode":false,"pivot":{"x":-10.928149223327637,"y":-8.420443534851075,"z":31.472824096679689},"rotation":{"x":0.1995907574892044,"y":-0.16808900237083436,"z":0.034747082740068439,"w":0.9647563695907593},"size":17.81441879272461,"orthographic":false}