{"cameraMode":{"drawMode":0,"name":"Shaded","section":"Shading Mode"},"sceneLighting":true,"audioPlay":false,"sceneViewState":{"m_AlwaysRefresh":false,"showFog":true,"showSkybox":true,"showFlares":true,"showImageEffects":true,"showParticleSystems":true,"showVisualEffectGraphs":true,"m_FxEnabled":true},"in2DMode":false,"pivot":{"x":-5.093327045440674,"y":7.1140055656433109,"z":5.809223651885986},"rotation":{"x":0.06903515011072159,"y":-0.8512476682662964,"z":0.5071578025817871,"w":0.11587435007095337},"size":2.0014357566833498,"orthographic":false}