{"cameraMode":{"drawMode":0,"name":"Shaded","section":"Shading Mode"},"sceneLighting":true,"audioPlay":false,"sceneViewState":{"m_AlwaysRefresh":false,"showFog":true,"showSkybox":false,"showFlares":true,"showImageEffects":true,"showParticleSystems":true,"showVisualEffectGraphs":true,"m_FxEnabled":true},"in2DMode":false,"pivot":{"x":22.82817268371582,"y":-0.9682545065879822,"z":5.820128917694092},"rotation":{"x":0.059545598924160007,"y":0.6266645193099976,"z":-0.045286212116479877,"w":0.7762426137924194},"size":13.96339225769043,"orthographic":false}