{"cameraMode":{"drawMode":0,"name":"Shaded","section":"Shading Mode"},"sceneLighting":false,"audioPlay":false,"sceneViewState":{"m_AlwaysRefresh":false,"showFog":true,"showSkybox":false,"showFlares":true,"showImageEffects":true,"showParticleSystems":true,"showVisualEffectGraphs":true,"m_FxEnabled":true},"in2DMode":false,"pivot":{"x":0.016820602118968965,"y":0.4343949556350708,"z":0.7581325769424439},"rotation":{"x":-0.01091617438942194,"y":-0.9848400354385376,"z":0.1594424694776535,"w":-0.06776644289493561},"size":0.36455038189888,"orthographic":false}