{"cameraMode":{"drawMode":0,"name":"Shaded","section":"Shading Mode"},"sceneLighting":false,"audioPlay":false,"sceneViewState":{"m_AlwaysRefresh":false,"showFog":true,"showSkybox":false,"showFlares":true,"showImageEffects":true,"showParticleSystems":true,"showVisualEffectGraphs":true,"m_FxEnabled":true},"in2DMode":false,"pivot":{"x":0.0361892469227314,"y":0.2259230613708496,"z":0.00003510713577270508},"rotation":{"x":-0.0010904804803431035,"y":-0.9912848472595215,"z":0.13161584734916688,"w":-0.008624090813100338},"size":0.36455038189888,"orthographic":false}