{"cameraMode":{"drawMode":0,"name":"Shaded","section":"Shading Mode"},"sceneLighting":false,"audioPlay":false,"sceneViewState":{"m_AlwaysRefresh":false,"showFog":true,"showSkybox":false,"showFlares":true,"showImageEffects":true,"showParticleSystems":true,"showVisualEffectGraphs":true,"m_FxEnabled":true},"in2DMode":false,"pivot":{"x":3.3809263706207277,"y":0.32870420813560488,"z":0.10286281257867813},"rotation":{"x":-0.14521551132202149,"y":-0.7093281745910645,"z":0.15357878804206849,"w":-0.6734656095504761},"size":5.2146430015563969,"orthographic":false}