{"cameraMode":{"drawMode":0,"name":"Shaded","section":"Shading Mode"},"sceneLighting":true,"audioPlay":false,"sceneViewState":{"m_AlwaysRefresh":false,"showFog":true,"showSkybox":true,"showFlares":true,"showImageEffects":true,"showParticleSystems":true,"showVisualEffectGraphs":true,"m_FxEnabled":true},"in2DMode":false,"pivot":{"x":0.11732396483421326,"y":-7.875330924987793,"z":6.872320175170898},"rotation":{"x":-0.2332029640674591,"y":-0.012828749604523182,"z":0.0028027575463056566,"w":-0.9727189540863037},"size":10.449999809265137,"orthographic":false}