{"cameraMode":{"drawMode":0,"name":"Shaded","section":"Shading Mode"},"sceneLighting":false,"audioPlay":false,"sceneViewState":{"m_AlwaysRefresh":false,"showFog":true,"showSkybox":false,"showFlares":true,"showImageEffects":true,"showParticleSystems":true,"showVisualEffectGraphs":true,"m_FxEnabled":true},"in2DMode":false,"pivot":{"x":-0.023555994033813478,"y":7.277026176452637,"z":-1.4348907470703126},"rotation":{"x":-0.4613606035709381,"y":-0.07130119949579239,"z":0.04409985989332199,"w":-0.8837829828262329},"size":4.994247913360596,"orthographic":false}