{"cameraMode":{"drawMode":0,"name":"Shaded","section":"Shading Mode"},"sceneLighting":false,"audioPlay":false,"sceneViewState":{"m_AlwaysRefresh":false,"showFog":true,"showSkybox":false,"showFlares":true,"showImageEffects":true,"showParticleSystems":true,"showVisualEffectGraphs":true,"m_FxEnabled":true},"in2DMode":false,"pivot":{"x":6.651261329650879,"y":1.9534950256347657,"z":1.1248773336410523},"rotation":{"x":0.007187606766819954,"y":-0.6605879664421082,"z":0.0015454976819455624,"w":-0.7513462901115418},"size":4.994247913360596,"orthographic":false}