{"cameraMode":{"drawMode":0,"name":"Shaded","section":"Shading Mode"},"sceneLighting":false,"audioPlay":false,"sceneViewState":{"m_AlwaysRefresh":false,"showFog":true,"showSkybox":false,"showFlares":true,"showImageEffects":true,"showParticleSystems":true,"showVisualEffectGraphs":true,"m_FxEnabled":true},"in2DMode":false,"pivot":{"x":2.8582541942596437,"y":1.8638560771942139,"z":1.9348071813583375},"rotation":{"x":-0.06603356450796128,"y":-0.6438001990318298,"z":0.06366346031427384,"w":-0.7603018879890442},"size":4.994247913360596,"orthographic":false}