{"cameraMode":{"drawMode":0,"name":"Shaded","section":"Shading Mode"},"sceneLighting":false,"audioPlay":false,"sceneViewState":{"m_AlwaysRefresh":false,"showFog":true,"showSkybox":false,"showFlares":true,"showImageEffects":true,"showParticleSystems":true,"showVisualEffectGraphs":true,"m_FxEnabled":true},"in2DMode":false,"pivot":{"x":0.043016690760850909,"y":0.4613555371761322,"z":-1.0113188028335572},"rotation":{"x":-0.0003725087153725326,"y":-0.9982866644859314,"z":0.05846809595823288,"w":-0.007183190900832415},"size":0.8660253882408142,"orthographic":false}